Date,Title,URL,Article Description,Article Text,Article Content
25 Aug 2025,SBI Chairman CS Setty asks subsidiaries to step up: Report,https://www.moneycontrol.com/news/business/banks/sbi-chairman-cs-setty-asks-subsidiaries-to-step-up-report-13484590.html,"Setty told the subsidiaries that its top executives are paid salaries as per industry standards, and hence, they must perform accordingly to justify that, the report added.",SBI chairman CS Setty,"State Bank of India (SBI) has asked its subsidiaries to improve their performance, with Chairman CS Setty warning that underperformance will not be tolerated, Mint report citing people familiar with the matter. Setty, who took over the helm of India's largest bank from predecessor Dinesh Khara last year, told the subsidiaries that its top executives are paid salaries as per industry standards, and hence, they must perform accordingly to justify that, the report added. SBI will review all its seven frontline subsidiaries, starting from SBI Card and SBI Capital Markets. It will then move on to insurance and other subsidiaries, the report said. Notably, SBI has a total of 18 subsidiaries, out of which, two are listed – SBI Card and SBI Life Insurance. The recent exits at SBI Capital Markets was a result of this approach, the newspaper further reported citing sources. It had earlier claimed that three senior executives had exited from the SBI subsidiary, as part of a restructuring exercise. Moneycontrol couldn't independently verify the reports. This comes after Finance Ministry asked public sector banks (PSBs) to look at monetising their investment in subsidiaries by listing them at bourses after further scaling up operations so that they realise a good return, PTI reported. As a precursor to monetisation, banks should improve governance, professional decision-making and bring in greater operational efficiency in their subsidiaries, PTI had reported, adding that State Bank of India may look at listing SBI General Insurance and SBI Payment Services in the future after they scale up their operations. SBI shares were trading in the green with marginal gains at Rs 817 apiece, as seen at 11.50 am. The stock has gained nearly 15 percent in the past six months, and currently has a P/E ratio of over 9. Also read: Our LIVE blog on stock market updates"
06 Aug 2025,"RBI MPC meet: Experts pick these top 10 rate-sensitive stocks after central bank holds rates, lowers inflation forecast",https://www.moneycontrol.com/news/business/markets/rbi-mpc-meet-experts-pick-these-top-10-rate-sensitive-stocks-after-central-bank-holds-rates-lowers-inflation-forecast-13400864.html,"Moneycontrol collated a list of the top 10 rate-sensitive stocks, curated by experts with a 3–4-week perspective, following the Reserve Bank of India's decision to maintain the status quo on rates.",Top 10 Stocks to Buy Post RBI Policy,"The Reserve Bank of India Monetary Policy Committee (RBI MPC) on August 6 has decided unanimously to keep the repo rate unchanged at 5.5 percent, and retained the policy stance as 'neutral', citing benign inflation, robust growth, and evolving tariffs uncertainties. This decision follows a cumulative 100 bps rate cut earlier this year and a 25 percent tariff threat on Indian exports by US President Donald Trump. The impact of the 100 bps rate cuts since February 2025 on the economy is still unfolding in the credit markets and the broader economy, hence, the MPC resolved to maintain a close vigil on the incoming data and the evolving domestic growth-inflation dynamics to chart out the appropriate monetary policy path, the central bank said. ""Market participants are likely to view this as a positive signal. A dovish inflation outlook, resilient growth, and policy continuity—without surprise—create a supportive backdrop for equities, especially domestic cyclical sectors,"" Anirudh Garg, Partner and Fund Manager, at INVasset PMS said. According to him, this policy reflects balance—not complacency, suggesting India is entering a phase of monetary stability with an eye on strategic flexibility, rather than immediate intervention. The central bank has lowered its full year inflation outlook further to 3.1 percent from 3.7 percent earlier, and also for Q2 and Q3FY26, driven mainly by lower food inflation that entered deflationary territory in June. However, it believes the CPI inflation is likely to edge up above the 4 percent target from Q4 onwards. ""Core inflation has been rising steadily from the recent low of 3.6 percent recorded during December-January FY25 and averaged 4.3 percent in Q1FY26,"" the RBI said. Meanwhile, the central bank retained its full year economic growth forecast at 6.5 percent given the above normal southwest monsoon, lower inflation, rising capacity utilization and congenial financial conditions, though prospects of external demand remain uncertain amidst ongoing tariff announcements and trade negotiations. The growth is expected to see some pick-up in the coming festive season, it believes. According to Sonam Srivastava, Founder and Fund Manager at Wright Research PMS, the markets are starting to price in a pivot later this year, especially if food inflation eases and global financial conditions soften. She believes rate cuts may materialize in late Q4 FY26, not before. On the equity front, this stance reinforces a case for being selective, with a tilt towards domestic cyclical themes such as financials, industrials, and consumption, which stand to benefit from eventual monetary easing and potential fiscal stimuli ahead of the 2026 elections, she said. After the policy decision, the Nifty 50 was quoting at 24,608, down 41.5 points while nicely defending its previous week's low. The BSE Sensex declined just 20 points to 80,690 at 12:50 hours IST. Click Here to Catch All Live Updates on RBI Policy Moneycontrol collated a list of the top 10 rate-sensitive stocks, curated by experts with a 3–4-week perspective, following the Reserve Bank of India's decision to maintain the status quo on rates. Rajesh Bhosale, Technical Analyst at Angel One Mahindra and Mahindra | CMP: Rs 3,212  Since September, M&M's price had been consolidating within a broad range. However, a recent breakout has seen the stock sustain above those levels. Notably, while the broader markets have been under pressure in recent weeks, this counter has displayed relative strength and even outperformed its major peers, with prices comfortably trading above all key moving averages. On the indicator front, the RSI (smoothed) is holding above the 60 mark across all major time frames, signaling strong momentum across the board. Hence, we recommend buying M&M around Rs 3,212 - Rs 3,200. Strategy: Buy Target: Rs 3,550 Stop-Loss: Rs 3,040 L&T Finance | CMP: Rs 204  L&T Finance had a stellar run in June, triggering a long-awaited long-term breakout after more than 8 years. July turned out to be a breather with a consolidation phase. However, with the start of the new month, prices appear to be back in action, hinting at the beginning of a fresh leg of the upmove. Volume analysis supports this view: the rally was backed by strong volumes, while the recent pullback occurred on relatively lower volumes, with prices retracing to short-term moving averages — indicating healthy accumulation. Momentum oscillators also remain in the positive zone, reinforcing the bullish outlook. Hence, we recommend buying L&T Finance around Rs 204 - Rs 200. Strategy: Buy Target: Rs 229 Stop-Loss: Rs 193 Indian Bank | CMP: Rs 635  While the broader banking space has struggled over the past couple of months, Indian Bank has shown relative strength by consistently holding above its multi-month bullish breakout levels. In recent sessions, prices have rebounded sharply after testing key support zones, signaling a potential resumption of the primary uptrend. A multi-timeframe analysis reveals that the Monthly and Weekly RSI remain firmly above 80, while a dip in the Daily RSI towards 40 presents a buying opportunity within the prevailing uptrend. Hence, we recommend buying Indian Bank around Rs 635 - Rs 630. Strategy: Buy Target: Rs 700 Stop-Loss: Rs 597 Om Mehra, Technical Research Analyst at Samco Securities Axis Bank | CMP: Rs 1,070.80  Axis Bank continued to remain under pressure after slipping from its late-June peak of Rs 1,247. The decline has extended, with the stock slipping below key short- and medium-term averages, including the 20-day, 50-day, and 200-day SMAs. Recent candles reflect attempts to stabilize near Rs 1,050–1,070, but the recovery lacks decisive strength. The Supertrend resistance stands overhead near Rs 1,107, and price action remains capped below it. The daily RSI has climbed slightly to 31 from sub-25 levels seen last week, but still reflects weak underlying momentum. The MACD remains in negative territory; the signal and MACD lines have not crossed, and the histogram continues to print red bars — suggesting a lack of reversal strength. Price action over the last few sessions has been marked by small-bodied candles, narrow ranges, and lower volumes compared to the late-July breakdown phase — indicating that sellers are pausing, but buyers are not yet in control. The last significant volume uptick came during the breakdown on July 18, and follow-through activity has been muted since then. Sustaining above Rs 1,050 is crucial to prevent further weakness. A breakdown below this level could expose the stock to a slide toward Rs 1,020 or even Rs 1,000, which aligns with prior swing support levels and psychological round figures. On the upside, any sustained move above Rs 1,115–1,125 with volume confirmation would be the first sign of a potential rebound. Only then can one anticipate a gradual retracement toward the Rs 1,150–1,200 zone in the coming weeks. Strategy: Buy Target: Rs 1,150, Rs 1,200 Stop-Loss: Rs 1,050 Godrej Properties | CMP: Rs 2,114.80  Godrej Properties is currently trading near a crucial demand zone, which also coincides with the 0.382 Fibonacci retracement level drawn from the major swing low of Rs 1,005 to the peak of Rs 3,999 on the weekly chart — adding strong confluence to this area. Notably, the stock is also hovering near its 200-week exponential moving average (WEMA) — a level that has historically acted as a springboard for price rebounds. Structurally, the stock continues to move within an upward-sloping channel, suggesting sustained accumulation and a potential base-building scenario at current levels. From a momentum perspective, the RSI on both weekly and monthly timeframes remains above the 40 mark, indicating that the stock is not in a bearish trend but rather maintaining a sideways-to-slightly bullish bias. Investors may consider accumulating Godrej Properties around the current market price, with a stop-loss of Rs 1,890, targeting Rs 2,400 in the medium term. Strategy: Buy Target: Rs 2,400 Stop-Loss: Rs 1,890 Bajaj Finance | CMP: Rs 891.90  Bajaj Finance is currently in a consolidation phase after undergoing a mild corrective move from the Rs 970 zone. The stock has been hovering just above its recent swing low of Rs 870, where it has managed to hold ground for the last few sessions, hinting at an early-stage base formation. However, the short-term outlook remains tentative until it reclaims its key moving averages. The stock is trading below the 20-day and 50-day SMAs, placed at Rs 916 and Rs 922, respectively. Price action is compressed below these levels, forming narrow-bodied candles. The RSI has rebounded to 41 from oversold territory but remains below its signal line (46), suggesting that momentum is attempting to stabilize but hasn’t reversed yet. The MACD remains in negative territory, with a slight narrowing in the histogram, indicating a possible shift in trend — but no confirmation so far. Volume participation remains moderate, with no significant spike to confirm strong accumulation. The Bollinger Bands have started to contract, signaling reduced volatility and potential for a directional breakout ahead. Holding above Rs 870 will be important to preserve the emerging support. A sustained close above Rs 920 would mark a reclaim of the 20-day SMA and potentially trigger fresh upside toward the Rs 950–970 zone. On the downside, a breach below Rs 865 could extend the corrective leg toward Rs 840, the next visible horizontal support from the March–April price action.The broader trend remains intact as long as the stock holds above key medium-term support levels. Strategy: Buy Target: Rs 950, Rs 970 Stop-Loss: Rs 865 Vidnyan Sawant, Head of Research at GEPL Capital TVS Motor Company | CMP: Rs 2,983.2  TVS Motor has exhibited robust outperformance on the weekly chart, breaking out of a base formation and a 16-week consolidation zone, signaling a strong continuation of its uptrend. On the daily timeframe, the stock remains firmly above its key 12-, 26-, and 50-day EMAs, indicating sustained strength. The MACD has shown a bullish crossover. The stock recently registered a new all-time high, further reinforcing the prevailing bullish momentum. Strategy: Buy Target: Rs 3,342 Stop-Loss: Rs 2,834 SBI Life Insurance Company | CMP: Rs 1,857  SBI Life Insurance has been displaying relative strength for the past three consecutive months. A long lower wick candlestick near its 5-month EMA indicates renewed buying interest at support. On the weekly chart, the stock has remained rangebound for six weeks, suggesting consolidation. On the daily timeframe, a bullish mean reversion from the 50-day EMA highlights positive price development and the potential for a breakout. Strategy: Buy Target: Rs 1,990 Stop-Loss: Rs 1,785 RBL Bank | CMP: Rs 265.70  RBL Bank has been in a rising trend since January 2025, consistently forming higher highs and higher lows, highlighting a strong bullish structure. The stock is trading well above its 5-, 12-, and 26-week EMAs, reinforcing the trend. On the daily chart, it has shown a bullish mean reversion from the 26-day EMA, indicating renewed buying interest. The MACD remains in buy mode, suggesting sustained momentum and strengthening the case for further upside. Strategy: Buy Target: Rs 287 Stop-Loss: Rs 255 Bharat K Gala President, Technical Head at Ventura Jindal Steel & Power | CMP: Rs 1,000  The primary downtrend in Jindal Steel & Power began at Rs 1,095 (June 2024) and reached a low of Rs 724 in February 2025. The stock later rebounded to a high of Rs 986 in May 2025. It traded in the range of Rs 720–985 from February to July 2025. Recently, the stock formed a positive price candle, trading above key averages and is on the verge of giving a triangle breakout, making a high of Rs 1,002.85. Indicators like Aroon Up/Down, Demand Index, and MACD are positive, suggesting high probability of a further up move. Strategy: Buy Target: Rs 1,350 Stop-Loss: Rs 880 Tata Investment Corporation | CMP: Rs 7,138  The primary move in Tata Investment started at Rs 1,751 in April 2023. It touched a high of Rs 9,744.40 in March 2024, followed by profit booking, forming a higher bottom at Rs 1,873 in April 2024. This was followed by a valid correction, which brought the stock down to a low of Rs 5,180 in February 2025. Since then, the stock traded in a range of Rs 5,180 to Rs 8,100 for a prolonged period, frequently taking support at key moving averages. Recently, the stock has given a range breakout, making a high of Rs 7,625, supported by strong volumes after a phase of consolidation and continuous average support. Hence, the probability of a further upmove is high, with positive indications from the Aroon Up/Down, Demand Index, and MACD. Strategy: Buy Target: Rs 11,000 Stop-Loss: Rs 5,650"
04 Aug 2025,Accumulate SBI Life Insurance Company; target of Rs 1975: Deven Choksey,https://www.moneycontrol.com/news/business/stocks/accumulate-sbi-life-insurance-company-target-of-rs-1975-deven-choksey-13381559.html,"Deven Choksey recommended accumulate rating on SBI Life Insurance Company with a target price of Rs 1975 in its research report dated August 04, 2025.",accumulate,"Deven Choksey's research report on SBI Life Insurance Company In Q1FY26, Gross Written Premium grew by 14.4% YoY (-25.8% QoQ) to INR 178,139 Mn., driven by strong growth in first year premiums, was largely in-line with our estimates. Value of the New Business (VNB) grew by 12.4% YoY (-34.3% QoQ) to INR 10,900 Mn., in-line with our estimates. The Value of New Business Margin improved by 60bps YoY (-306bps QoQ) to 27.4%. Net profit for the quarter stood at INR 5,944 Mn, up 14.4% YoY (-26.9% QoQ), below our estimate by 3.6%, due to slower than expected growth in GWP. Outlook We value SBI Life Insurance at 2.0x Mar’27 EVPS, implying a target price of INR 1,975 per share. We reiterate our “ACCUMULATE” rating on the stock, driven by sustained market leadership, anchored by a well-diversified distribution engine led by improved digital penetration, customer-centric innovation, and operational discipline. For all recommendations report, click here SBI Life Insurance Company - 04082025 - deven"
29 Jul 2025,Buy SBI Life Insurance Company; target of Rs 2140: ICICI Securities,https://www.moneycontrol.com/news/business/earnings/buy-sbi-life-insurance-company-target-of-rs-2140-icici-securities-13343755.html,"ICICI Securities is bullish on SBI Life Insurance Company has SBI Life Insurance Companyommended buy rating on the stock with a target price of Rs 2140 in its research report dated July 28, 2025.",BUY,"ICICI Securities's research report on SBI Life Insurance Company SBI Life has provided a mid-teen growth guidance in volume and maintains a healthy 26–28% VNB margin guidance for FY26. We believe this is a sound growth target, especially when compared to mixed trends of credit, motor and health premium growth among other parameters and when juxtaposed with ~14% overall private APE CAGR between FY19–25. VNB margin guidance remains at 26–28% while the company continues to have a very strong record of positive operating variance/assumption changes. Product mix improvement (launch of non-par product), better productivity (branch and agent) and demand recovery in high-margin segments provide scope for positive margin surprise and could offset the impact of lower volumes on VNB. These arguments vs. its sound track record (APE/VNB/EV CAGR of 15.3%/21.8%/20.5% between FY20-25) and attractive valuation (1.9x FY27E P/EV) keep us constructive on SBI Life. Outlook We factor in VNB margin of 27.5% and model 15% APE growth in FY26E/27E (8.6%/9.2% YoY APE growth and 27.8%/27.5% VNB margin in FY25/Q1FY26). We value SBI Life based on 2.2x FY27E EV per share (2x earlier) and arrive at a revised TP of INR 2,140 (INR 1,950 earlier). For all recommendations report, click here SBI Life Insurance Company_28072025_ICICI Securities"
29 Jul 2025,"Trade Spotlight: How should you trade TCS, Cipla, Torrent Pharma, NCC, Paytm, SBI Life Insurance, UPL, Syrma SGS Technology and others on July 29?",https://www.moneycontrol.com/news/business/markets/trade-spotlight-how-should-you-trade-tcs-cipla-torrent-pharma-ncc-paytm-sbi-life-insurance-upl-syrma-sgs-technology-and-others-on-july-29-13339827.html,The market may continue to consolidate with a negative bias in the upcoming sessions. Below are some short-term trading ideas to consider.,Top Trading Ideas for July 29,"Equity benchmarks started off the monthly F&O expiry week on a negative note, with the Nifty 50 declining 0.63 percent, extending its downward journey for the third straight session on July 28. The market breadth continued to be dominated by bears, with 2,043 shares declining compared to 673 advancing on the NSE. The market may continue to consolidate with a negative bias in the upcoming sessions. Below are some short-term trading ideas to consider: Jigar S Patel, Senior Manager - Equity Research at Anand Rathi TCS | CMP: Rs 3,079.3  Tata Consultancy Services (TCS) has been on a downward trajectory since mid-May 2025, consistently forming lower highs and lower lows. This bearish structure has led to a correction of nearly Rs 440, a decline of approximately 12.32 percent. However, the stock now stands at a technically significant zone, where both time and price confluence suggest a potential trend reversal. Historically, key pivot highs and lows in TCS have often occurred within a 25–38-day cycle. Notably, this time window aligns with both a Lucas number (29) and a Fibonacci number (34), adding further credibility to the time-based support. Additionally, a bullish Bat Harmonic Pattern is forming around the Rs 3,080–3,100 mark, coinciding with the S1 quarterly floor pivot, reinforcing the likelihood of a strong base. The MACD histogram is also showing signs of waning negative momentum, with shrinking red bars indicating a possible trend shift. Traders may consider entering long positions in the Rs 3,100–3,070 zone. Strategy: Buy Target: Rs 3,335 Stop-Loss: Rs 2,960 Sun Pharmaceutical Industries | CMP: Rs 1,702.2  Sun Pharma has established a strong support base in the Rs 1,650–1,680 range, which aligns with the S3 Camarilla monthly pivot, marking a critical support zone. This area is further reinforced by a rising trendline and the lower median line of a pitchfork, forming a powerful technical confluence likely to attract renewed buying interest. The convergence of these multiple support levels enhances the likelihood of a bullish reversal. A decisive breakout above this consolidation zone could trigger a new upward movement. Traders may consider entering long positions in the Rs 1,705–1,695 zone. Strategy: Buy Target: Rs 1,800 Stop-Loss: Rs 1,650 Cipla | CMP: Rs 1,572  Cipla has successfully breached its descending trendline on the weekly chart, accompanied by a notable surge in volume, signaling a potential trend reversal. The RSI on the weekly timeframe remains in the 45–50 range, which typically suggests building bullish momentum. Traders may consider entering long positions in the Rs 1,575–1,565 zone. Strategy: Buy Target: Rs 1,670 Stop-Loss: Rs 1,520 Jay Thakkar, Vice President & Head of Derivatives and Quant Research at ICICI Securities Torrent Pharmaceuticals | CMP: Rs 3,622.9  Torrent Pharma has given a clean breakout from its consolidation and has since been forming higher highs and higher lows. The rising Open Interest suggests long buildup, indicating a positive trend in the short to medium term. Options activity shows strong Put writing across strikes from Rs 3,400 to Rs 3,600, while Call writers appear trapped at Rs 3,350 to Rs 3,400. This setup could cause short-term volatility, but any dip should be viewed as a buying opportunity. Buy Torrent Pharma August Futures in the range of Rs 3,660 to Rs 3,630. Strategy: Buy Target: Rs 3,770, Rs 3,830 Stop-Loss: Rs 3,530 NCC | CMP: Rs 215.51  NCC has broken multiple support levels in the Rs 218–220 range, accompanied by a rise in Open Interest, indicating short buildup and suggesting further downside pressure in the near term. Since being introduced in the derivatives market, NCC has consistently witnessed short additions, and the recent breakdown adds further confirmation of the next leg of a downtrend. The stock faces a strong hurdle at Rs 230, where the highest Call open interest is placed. It is also trading below its maximum pain level and the 20-day VWAP, currently at Rs 225 and Rs 223, respectively. So, sell NCC August Futures in the range of Rs 220 to Rs 212, with a negative short-term outlook unless it closes above its key hurdles. Strategy: Sell Target: Rs 204, Rs 200 Stop-Loss: Rs 225 Vidnyan S Sawant, Head of Research at GEPL Capital One 97 Communications | CMP: Rs 1,094.2  Paytm has been in a positive trend since May 2024. In the recent week, it broke out of a cup-and-handle formation, following the prior week’s breakout above the December 2024 swing high, both supported by a volume surge above the 20-week average, confirming strong participation.On the daily chart, the stock has shown resilience amid broader market volatility, holding steady near its 5-day EMA, with the 12- and 26-day EMAs rising, reflecting a strong underlying trend. The MACD remains in a rising trajectory, indicating sustained bullish momentum. Strategy: Buy Target: Rs 1,225 Stop-Loss: Rs 1,039 SBI Life Insurance Company | CMP: Rs 1,850.5  SBI Life remains in a strong long-term uptrend, forming higher bottoms on the monthly chart since 2018. Despite recent consolidation on the weekly timeframe, it shows high relative strength, signaling resilience. On the daily chart, it has rebounded from the 50-day EMA and broken out of a 5-day range, indicating bullish momentum. It continues to trade above key 12- and 26-week EMAs, while the weekly RSI above 60 with hidden bullish divergence supports the case for further upside. Strategy: Buy Target: Rs 2,053 Stop-Loss: Rs 1,755 UPL | CMP: Rs 730  UPL has delivered a decisive breakout above a sloping trendline on the monthly chart, supported by a strong bullish candlestick. On the weekly timeframe, the stock has gained momentum from the 5-week EMA, with volume surging above the 20-week average, indicating renewed buying interest.On the daily chart, the stock remains in a narrow range near the 5-day EMA, with rising 12- and 26-day EMAs, confirming a strengthening trend. The MACD remains in buy mode, reinforcing the bullish outlook. Strategy: Buy Target: Rs 788 Stop-Loss: Rs 708 Syrma SGS Technology | CMP: Rs 746.35  Syrma SGS has shown strong bullish price action across all timeframes. On the monthly chart, the stock formed a robust bullish candlestick and hit an all-time high, signaling powerful upward momentum. On the weekly scale, it continues to form higher highs and higher lows, with rising volume, indicating growing investor participation. The stock is trading well above its key 5-, 12-, 25-, and 50-week EMAs, reinforcing trend strength. The MACD is also inching higher, supporting the continuation of the bullish momentum. Strategy: Buy Target: Rs 821 Stop-Loss: Rs 715"
28 Jul 2025,Buy SBI Life Insurance; target of Rs 2140: Motilal Oswal,https://www.moneycontrol.com/news/business/buy-sbi-life-insurance-target-of-rs-2140-motilal-oswal-13336510.html,"Motilal Oswal is bullish on SBI Life Insurance has recommended buy rating on the stock with a target price of Rs 2140 in its research report dated July 24, 2025.",BUY,"Motilal Oswal's research report on SBI Life Insurance SBI Life Insurance (SBILIFE) reported 9% YoY growth in new business APE to INR39.7b (in line). VNB margin for the quarter stood at 27.4% vs our estimate of 28.5% (26.8% in 1QFY25). Absolute VNB grew 12% YoY to INR10.9b (in-line), driven by the product mix shift toward non-linked products. Shareholder PAT grew 14% YoY to INR5.9b (in-line) in 1QFY26. The company reaffirmed its full-year guidance of mid-teen APE growth, supported by new non-par and protection product launches. Apart from the focus on product mix shift toward non-linked products, higher sales of products with larger sum assured and improved rider attachment are expected to drive VNB margin expansion to 26-28% for FY26, according to management. We expect SBILIFE to clock a CAGR of 16%/19% in APE/VNB over FY25-27, while RoEV is likely to remain at ~19% over FY27. We maintain our estimates and reiterate our BUY rating on the stock with a TP of INR2,140 (premised on 2.2x FY27E EV). Outlook We expect SBILIFE to clock a CAGR of 16%/19% in APE/VNB over FY25-27, while RoEV is likely to remain at ~19% over FY27. We maintain our estimates and reiterate our BUY rating on the stock with a TP of INR2,140 (premised on 2.2x FY27E EV). For all recommendations report, click here SBI Life Insurance_25072025_Motilal Oswal"
25 Jul 2025,"SBI Life Insura Standalone June 2025 Net Sales at Rs 38,996.50 crore, up 12.53% Y-o-Y",https://www.moneycontrol.com/news/business/earnings/sbi-life-insura-standalone-june-2025-net-sales-at-rs-38996-50-crore-up-12-53-y-o-y-13326108.html,,,"Reported Standalone quarterly numbers for SBI Life Insurance Company are: Net Sales at Rs 38,996.50 crore in June 2025 up 12.53% from Rs. 34,653.74 crore in June 2024. Quarterly Net Profit at Rs. 594.37 crore in June 2025 up 14.41% from Rs. 519.52 crore in June 2024. EBITDA stands at Rs. 802.80 crore in June 2025 down 8.61% from Rs. 878.44 crore in June 2024. SBI Life Insura EPS has increased to Rs. 5.93 in June 2025 from Rs. 5.19 in June 2024. SBI Life Insura shares closed at 1,793.60 on July 23, 2025 (NSE) and has given 24.52% returns over the last 6 months and 9.84% over the last 12 months. "
25 Jul 2025,"SBI Life shares gain 2% on solid Q1 earnings show; should you buy, sell, or hold?",https://www.moneycontrol.com/news/business/earnings/sbi-life-shares-gain-2-on-solid-q1-earnings-show-should-you-buy-sell-or-hold-13324535.html,"SBI Life continued to report improvement in the VNB performance in 1QFY26, aided by a shift in the product mix toward traditional products.",SBI Life Insurance Company,"SBI Life Insurance Company shares gained over two percent in trade on July 25 as brokerages reiterated their bullishness on the insurance player following its earnings show for the quarter ended June 30, 2025. SBI Life reported a 14 percent year-on-year rise in net profit to Rs 594 crore for Q1 FY26 up from Rs 520 crore in the same quarter last year. The company’s net premium income for the quarter stood at Rs 17,178.5 crore, marking a 14 percent increase over Rs 15,105.5 crore recorded in Q1 FY25. The value of new business (VNB) generated during the quarter stood at Rs 1,090 crore, reflecting continued growth in new business acquisition. At 9.35 a.m., shares of the firm were quoting Rs 1,834, higher by 2.3 percent on the NSE compared to the previous session's closing price. Should you buy, sell, or hold shares of SBI Life? Hong Kong-based CLSA maintained an 'outperform' rating on SBI Life with a target price of Rs ,180 per share. The brokerage highlighted a strong Q1FY26 performance, with VNB (Value of New Business) margin improving by 60 basis points year-on-year to 27.4 percent. This margin expansion was driven by a shift in the product mix away from ULIPs. However, Annualized Premium Equivalent (APE) growth came in at 9 percent year-on-year, weighed down by a flat performance in the agency channel. Despite this, management remains confident of achieving mid-teens APE growth in FY26. HDFC Securities has a 'high-conviction buy' on SBI Life, anchored on three 'power and sustainable moats.' The first is exclusive access to SBI’s massive distribution network. SBI Life's scope for improvement in margin-accretive traditional mix and cost leadership are the second and third moats. Follow our market blog to catch all the live updates"
03 Jul 2025,"Sensex slips 600 pts from day's high, Nifty at 25,400: 3 reasons behind sharp pullback",https://www.moneycontrol.com/news/business/markets/sensex-slips-650-pts-from-day-s-high-nifty-below-25-400-3-reasons-behind-sharp-pullback-13223573.html,"Sensex, Nifty pared morning gains amid selling in financial and metal shares. Lack of clarity on India-US trade deal also weighed on investor sentiment.","Sensex, Nifty see profit-booking on July 3. ","The benchmark equity indices gave up early gains and ended lower on Thursday as foreign fund outflows, weakness in the rupee and uncertainty over the India-US trade deal weighed on investor sentiment. Sensex dropped by 170.22 points or 0.20 percent to settle at 83,239.47. During the day, it jumped 440.4 points or 0.52 percent to 83,850.09. The Nifty declined by 48.10 points or 0.19 percent to 25,405.30. SBI Life Insurance Company, Kotak Mahindra Bank, Bajaj Finserv, JSW Steel and Grasim Industries were among the major laggards, declining up to 3 percent. Traders attributed the sharp pullback to the following key factors: 1) Rupee Depreciation: The Indian rupee weakened by 8 paise to 85.70 against the US dollar amid renewed global risk aversion and continued foreign capital outflows. According to forex dealers, the rupee remained range-bound due to the Reserve Bank of India’s cautious stance. 2) Foreign Institutional Investor (FII) Selling: FIIs remained net sellers in the equity market, offloading shares worth Rs 1,561.62 crore on Wednesday, as per exchange data. Heavy FII selling exerts pressure on domestic equities and reflects cautious global sentiment toward emerging markets. 3) India-US Trade Deal Uncertainty: Market participants were also concerned over the lack of clarity in the ongoing India-US trade negotiations. Talks, led by Commerce Ministry Special Secretary Rajesh Agarwal from the Indian side, entered the seventh day on July 3, with the Indian delegation extending its stay in Washington multiple times since June 27. India is seeking exemptions from reciprocal tariffs, including a 10 percent blanket levy, and a rollback of steep US duties on steel (50 percent) and aluminium (25 percent), as well as auto parts. In return, the US is pushing for greater access to its agricultural and dairy products — a demand India has been hesitant to accept. Vinod Nair, Head of Research at Geojit Investments said, ""The domestic equity market continued to consolidate as profit booking followed last week's sharp rally. Investors remain watchful of developments surrounding the potential U.S.–India trade agreement, with the 90-day pause nearing its end. FIIs have turned cautious in the recent days due to premium valuation."" Donald Trump's lopsided trade deal with Vietnam may have lessons for India In Asian markets, South Korea's Kospi, Japan's Nikkei 225 index and Shanghai's SSE Composite index settled higher while Hong Kong's Hang Seng ended lower. European markets were trading on a mixed note. The US markets ended mostly higher on Wednesday."
01 Jul 2025,"Trade Spotlight: How should you trade SBI Life, Federal Bank, CESC, Jubilant Foodworks, Carborundum Universal, Kolte-Patil Developers, and others on July 2?",https://www.moneycontrol.com/news/business/markets/trade-spotlight-how-should-you-trade-sbi-life-federal-bank-cesc-jubilant-foodworks-carborundum-universal-kolte-patil-developers-and-others-on-july-2-13214464.html,The frontline indices are expected to see further consolidation in upcoming sessions before potentially entering a new leg of the uptrend. Below are some short-term trading ideas to consider.,Top Stocks To Buy on July 2,"The benchmark indices closed with gains of one-tenth of a percent amid rangebound trading on July 1. The market breadth was largely neutral, with around 1,327 shares witnessing selling pressure versus 1,314 shares that gained on the NSE. The frontline indices are expected to see further consolidation in upcoming sessions before potentially entering a new leg of the uptrend. Below are some short-term trading ideas to consider: Amol Athawale, VP Technical Research at Kotak Securities SBI Life Insurance Company | CMP: Rs 1,862.5  After a remarkable up move in recent weeks, SBI Life Insurance has entered a consolidation phase near its resistance zone. Despite this, the stock closed comfortably above its short-term moving average. Additionally, the closing near its resistance zone on the daily chart suggests a bullish continuation chart structure, indicating that the uptrend may persist. Rs 1,790 could be the trend-deciding level for bulls. If the stock sustains above this level, a further uptrend toward Rs 1,990 is likely. Strategy: Buy Target: Rs 1,990 Stop-Loss: Rs 1,790 Jindal Steel & Power | CMP: Rs 951.3  Jindal Steel & Power has shown a robust rally from lower levels in recent sessions. Following this upward movement, the stock has formed a consolidation structure, suggesting a bullish continuation pattern. Moreover, it has closed above its short-term moving average. For positional traders, Rs 915 is decisive. If the stock trades above this level, the uptrend may continue towards Rs 1,020. A close below Rs 915, however, may prompt traders to exit long positions. Strategy: Buy Target: Rs 1,020 Stop-Loss: Rs 915 Cipla | CMP: Rs 1,515.7  Following a strong uptrend, Cipla is currently trading within a symmetrical triangle chart pattern on the daily scale, which suggests continued bullish momentum in the short term. Additionally, the stock has formed a higher bottom on the weekly chart, indicating strength and potential for a fresh breakout. As long as the stock remains above Rs 1,475, the bullish structure is likely to continue, with an upside target of Rs 1,590. Strategy: Buy Target: Rs 1,590 Stop-Loss: Rs 1,475 Ashish Kyal, CMT, Founder and CEO of Waves Strategy Advisors Federal Bank | CMP: Rs 218.72  Federal Bank is outperforming within the private sector banking space. In the previous session, the stock gave a breakout from a rounding bottom pattern, closing above the neckline at Rs 217 and reaching a new lifetime high of Rs 219.45. Over the past eight trading sessions, the stock has consistently protected its prior candle’s low, indicating sustained buying interest. Additionally, Bollinger Bands are beginning to expand, suggesting that strong momentum may continue. The MACD has also shown a bullish crossover, confirming a positive outlook. Post a sharp rally, buying on dips appears to be a prudent approach. Strategy: Buy Target: Rs 230 Stop-Loss: Rs 210 Gujrat Mineral Development Corporation | CMP: Rs 420.35  GMDC is forming higher highs and higher lows, indicating a bullish structure. Since June 20, the stock has consistently held above its prior day’s low on a closing basis, which is a positive sign. Throughout the rally that began in May 2025, prices have held above the mid-Bollinger band, making it an important support level. The mid-band support lies at Rs 401. Currently trading near the upper band, a decisive breakout above Rs 430 could extend the rally toward Rs 451, followed by Rs 465. The ADX indicator is at 34 (above 25), confirming strong positive momentum. Strategy: Buy Target: Rs 451, Rs 465 Stop-Loss: Rs 409 CESC | CMP: Rs 176.45  In the previous session, CESC closed above its prior day’s high with a notable increase in volume—an encouraging sign. The stock recently dipped toward the Ichimoku cloud and channel support, then rebounded sharply, rallying more than 9% in a short span—suggesting bulls are regaining control. The stock is currently near its previous swing high around Rs 177. A decisive breakout above this level could trigger further bullish momentum toward Rs 184, followed by Rs 191. The RSI remains moderate, suggesting room for further upside. Strategy: Buy Target: Rs 184, Rs 191 Stop-Loss: Rs 170 Nagaraj Shetti, Senior Technical Research Analyst at HDFC Securities Jubilant Foodworks | CMP: Rs 709.75  Jubilant Foodworks has been in a sustainable uptrend over the past few weeks, forming a bullish pattern of higher tops and bottoms. The stock is now attempting a decisive breakout above a downward-sloping trendline in the Rs 700–710 zone. Both volume patterns and daily/weekly RSI indicators suggest a positive outlook. Strategy: Buy Target: Rs 780 Stop-Loss: Rs 670 Carborundum Universal | CMP: Rs 997.15  The stock seems to have ended its recent downtrend after forming a strong bottom reversal at Rs 915. It is now showing a sustainable bounce and is attempting an upside breakout above the descending trendline at Rs 985, as seen on the weekly chart. Volume and RSI patterns indicate additional upside potential. The overall chart structure signals a long trading opportunity. Strategy: Buy Target: Rs 1,105 Stop-Loss: Rs 940 Kolte-Patil Developers | CMP: Rs 492.4  After several weeks of narrow-range trading, Kolte Patil Developers witnessed a decisive upside breakout on Tuesday and closed higher. The stock is forming a broader bullish pattern of higher tops and bottoms on the weekly chart. It recently rebounded from the immediate support of the 10-day EMA. Volume expansion during the breakout, coupled with positive signals from both daily and weekly RSI indicators, suggests continued upside potential. Strategy: Buy Target: Rs 543 Stop-Loss: Rs 468"
18 Jun 2025,"Trade Spotlight: How should you trade PB Fintech, Persistent Systems, Zensar Technologies, SBI Life Insurance, Supreme Industries, and others on June 18?",https://www.moneycontrol.com/news/business/markets/trade-spotlight-how-should-you-trade-pb-fintech-persistent-systems-zensar-technologies-sbi-life-insurance-supreme-industries-and-others-on-june-18-13135340.html,Market consolidation is expected to continue with the focus now shifting to the outcome of the US Federal Reserve meeting. Below are some short-term trading ideas to consider.,Top Buy Ideas for Short Term,"The benchmark indices closed lower after a day of rally, with the Nifty 50 falling 0.4 percent amid geopolitical tensions on June 17. Market breadth was weak, as about 1,761 shares saw selling pressure compared to 828 advancing shares on the NSE. Market consolidation is expected to continue with the focus now shifting to the outcome of the US Federal Reserve meeting. Below are some short-term trading ideas to consider: Amol Athawale, VP Technical Research at Kotak Securities PB Fintech | CMP: Rs 1,950.1  On the daily scale, PB Fintech is trading within a rising channel formation, characterized by a higher high and higher low series. The stock has witnessed a steady recovery from trendline support levels. Additionally, the Relative Strength Index (RSI) is indicating further upside from current levels, which could boost bullish momentum in the near term. For positional traders, Rs 1,880 is the decisive level. Trading above Rs 1,880 will likely continue the uptrend toward Rs 2,080. However, if the stock closes below Rs 1,880, traders may consider exiting long positions. Strategy: Buy Target: Rs 2,080 Stop-Loss: Rs 1,880 Indian Bank | CMP: Rs 634  Following a strong up move, Indian Bank is currently taking a breather and has been in a consolidation phase over the last few sessions. The rangebound structure suggests a bullish continuation chart formation. Moreover, the stock has closed comfortably above its short-term moving average, indicating that it may soon resume its uptrend. For the next few sessions, Rs 610 will be the trend-deciding level. If it sustains above this level, a further move toward Rs 675 can be expected. Strategy: Buy Target: Rs 675 Stop-Loss: Rs 610 Persistent Systems | CMP: Rs 6,068  Persistent Systems has given a breakout from an inverse head-and-shoulders pattern on the daily charts. Sustaining above this breakout level suggests the beginning of a new leg of uptrend. As long as the stock trades above Rs 5,850, the uptrend is likely to continue, with potential upside toward Rs 6,490. On the flip side, fresh selling pressure may only emerge if the stock falls below Rs 5,850. Strategy: Buy Target: Rs 6,490 Stop-Loss: Rs 5,850 Nandish Shah, Senior Technical and Derivative analyst at HDFC Securities Dee Development Engineers | CMP: Rs 289.1  The short-term trend of Dee Development Engineers remains positive, with the stock trading above its 5-, 11-, and 20-day EMAs. Since February 2025, the stock has been forming a bullish higher top–higher bottom pattern on the daily chart. Accumulation is evident, as up-day volumes have been consistently higher than down-day volumes in recent weeks. The RSI oscillator is in a rising mode and currently above 60, confirming strength in the ongoing bullish trend. Strategy: Buy Target: Rs 310, Rs 325 Stop-Loss: Rs 270 Zensar Technologies | CMP: Rs 875.6  Zensar Technologies has broken out from a downward sloping trendline on the daily chart with higher volumes. The stock's primary trend is positive, as it is trading above both the 100-day and 200-day EMAs. On the monthly chart, it continues to form a bullish higher top–higher bottom pattern. Momentum indicators and oscillators are reinforcing the current strong uptrend. Strategy: Buy Target: Rs 930, Rs 975 Stop-Loss: Rs 830 Suprajit Engineering | CMP: Rs 463.9  Suprajit Engineering has shown accumulation over the past couple of months, with volume activity increasing compared to earlier periods. The stock has been forming a bullish higher top–higher bottom pattern on the daily chart since April 2025. Momentum indicators like RSI and MFI are both in a rising mode and currently above 60, indicating a sustainable uptrend. Strategy: Buy Target: Rs 495, Rs 515 Stop-Loss: Rs 435 Ashish Kyal, CMT, Founder and CEO of Waves Strategy Advisors SBI Life Insurance Company | CMP: Rs 1,800.2  The financial services sector has emerged as a top performer, with SBI Life Insurance notably outperforming its peers. According to the three-candlestick rule, the prevailing trend has shifted in favour of the bulls. Recently, the stock found support at its 50-period EMA, reversed higher, and rallied over 5% in a short span, indicating that bulls are tightening their grip. Currently, the stock is trading near its previous swing high of Rs 1,815. A breakout above this level could further fuel bullish momentum. Strategy: Buy Target: Rs 1,890, Rs 1,960 Stop-Loss: Rs 1,740 Supreme Industries | CMP: Rs 4,644.4  In the previous session, Supreme Industries gained nearly 2%, supported by increased volumes. On the daily chart, the stock is forming a higher high–higher low structure, keeping the trend bullish. After breaking out of a downward sloping channel, the stock successfully retested the breakout on June 13 near Rs 4,211. Following the retest, it rallied over 11% in just three sessions. Additionally, the 50-period EMA has crossed above the 100-period EMA, confirming the bullish trend. The ADX indicator is at 43, well above the threshold of 25, indicating strong momentum. Given the sharp recent rise, buying on dips appears to be the most prudent strategy to ride the trend. Strategy: Buy Target: Rs 4,820, Rs 5,050 Stop-Loss: Rs 4,450"
16 Jun 2025,"Sensex surges over 700 pts, Nifty above 24,950: Positive global cues among key factors behind market rise",https://www.moneycontrol.com/news/business/markets/sensex-surges-600-pts-nifty-above-24-900-positive-trend-in-asian-peers-among-key-factors-behind-market-rise-13125483.html,"India's equity benchmarks rose after a muted start on Monday, supported by gains in IT and financial stocks",Sensex and Nifty rebounded on Monday tracking a rally in Asian markets.,"The benchmark equity indices rebounded on Monday after a two-day decline driven by an escalating Israel-Iran conflict, tracking gains in Asian markets and a dip in domestic volatility. The Sensex jumped 677.55 points or 0.84 percent to settle at 81,796.15. During the day, it surged 747.22 points or 0.92 percent to 81,865.82. The Nifty climbed 227.90 points or 0.92 percent to 24,946.50. SBI Life Insurance Company, Oil & Natural Gas Corporation, Hero MotoCorp, HDFC Life Insurance Company and Cipla were among the major gainers, rising up to 3 percent. Here are the key factors behind the market upmove: 1) Positive Trend in Asian Markets: Asian equities traded mostly in the green, with indices such as South Korea’s Kospi, Japan’s Nikkei 225, and China’s SSE Composite posting gains. However, Hong Kong’s Hang Seng index remained under pressure. Wall Street futures were also in positive territory, indicating firm global cues. 2) Dip in India VIX: The India VIX, a measure of market volatility, eased 1.84 percent to 14.80, signalling reduced investor anxiety and supporting the market sentiment. Stock Market LIVE Updates 3) Progress on India-US Trade Deal: India and the United States are reportedly close to finalising a bilateral trade agreement. Both sides have begun work on the proposed text, with expectations of a deal by July 8. The development is being seen as positive for trade and investment flows, lending support to market optimism. India, US to come up with final proposal of trade deal soon: Report 4) Focus on US Fed, BoJ Meetings: Investors are awaiting the outcome of the US Federal Reserve’s policy meeting scheduled for June 18. The central bank is widely expected to maintain interest rates in the 4.25–4.50 percent range. However, comments from Fed Chair Jerome Powell will be closely tracked, especially after recent data showed signs of easing inflation and a softening labour market. Meanwhile, the Bank of Japan is expected to keep rates steady at its meeting on June 17 amid growing concerns about global trade tensions. 5) Buying in index heavyweights: The IT index rose 1.1% while high-weight financials gained 0.4%, set to snap a four-day losing streak. Index heavyweights HDFC Bank and Reliance Industries rose about 1% each. Eleven of the 13 major sectors logged gains on the day while smallcaps and midcaps traded flat. ""Interestingly, there is no panic in equity markets. Markets will be severely impacted only if Iran closes the Strait of Hormuz triggering a huge spike in crude. This appears to be a low probability event now,"" VK Vijayakumar, Chief Investment Strategist, Geojit Investments Limited, said. 6) DIIs provide comfort: Domestic institutional investors have been net buyers of Indian shares for 19 straight sessions, infusing Rs 88,730 crore over the period, including Rs 2,906 crore on Friday. ""Strong domestic institutional investor flows are cushioning the impact of global uncertainty and volatile foreign flow,"" Puneet Singhania, director at Master Trust Group told Reuters. Harshal Dasani, Business Head, INVasset PMS, noted ""Global markets often behave contrary to mainstream expectations—and the recent escalation between Israel and Iran is a textbook example. While the initial reaction was a spike in oil prices and a flight to safety, the absence of direct supply disruptions, especially through strategic chokepoints like the Strait of Hormuz, quickly settled nerves. Crude has since stabilized, easing inflation concerns and allowing markets to refocus on economic fundamentals."" ""What’s crucial here is that markets don’t like uncertainty—but once a geopolitical flashpoint becomes front-page news, it’s often already priced in. The Israel–Iran conflict, while serious, has not materially disrupted global trade or economic activity. As clarity emerged and worst-case scenarios were ruled out, markets bounced back. Investors are again viewing dips as opportunities, with capital rotating into domestic themes that are largely insulated from global geopolitical shocks. We’re seeing renewed strength in internal consumption-driven sectors—especially energy, power, defence, and capital expenditure-linked plays—which remain structurally intact. These areas benefit from long-term policy support, strong demand visibility, and minimal dependence on external macro conditions. Moreover, corporate earnings remain resilient, recession fears have eased, and central banks like the Fed are maintaining a steady rate stance. This trifecta—stable policy, strong earnings, and sectoral rotation—is reinforcing the “buy-on-dip” behaviour we’re witnessing. Every fresh negative headline may cause temporary jitters, but the broader trend remains bullish. As long as geopolitical risks remain contained and don’t evolve into systemic shocks, markets will continue to absorb such events and march toward new highs—driven by domestic tailwinds, selective global optimism, and resilient investor sentiment,"" he added. Technical View Anand James, Chief Market Strategist at Geojit Financial Services, said, “We are not confident that the bounce-off from the lower Bollinger Band last Friday has the strength to continue. Favoured view expects upsides to be limited to 24,832 and settle near the 24,500 vicinity. If the consolidation and renewed upside attempts thereof do not succeed in clearing 24,832/88, expect a drop to 24,060.”"
20 May 2025,Buy SBI Life Insurance Company; target of Rs 2048: Geojit Financial Services,https://www.moneycontrol.com/news/business/stocks/buy-sbi-life-insurance-company-target-of-rs-2048-geojit-financial-services-13034678.html,"Geojit Financial Services is bullish on SBI Life Insurance Company has recommended buy rating on the stock with a target price of Rs 2048 in its research report dated May 19, 2025.",buy,"Geojit Financial Services research report on SBI Life Insurance Company SBI Life Insurance Company Ltd, a leading life insurance company in India, was incorporated in October 2000. It offers individual and group insurance plans, covering life and health, and annuity, pension and variable products. It also has unit-linked plans. In Q4FY25, net premium income declined 5.0% YoY to Rs. 23,861cr, driven by a substantial 42.1% YoY reduction in single premium income to Rs. 4,463cr. In FY25, new business premium (NBP) stood at Rs. 35,580cr, with a private market share of 20.8%. Individual NBP reached Rs. 26,360cr, reflecting an increase of 11% YoY and a private market share of 25.3% driven by growing demand for individual life insurance products. In FY25, gross written premium came in at Rs. 84,980cr, up 4% YoY, driven by consistency in policy renewals and moderate growth in both new and existing business. In FY25, VoNB rose 7.2% YoY to Rs. 5,950cr, with VoNBV margin at 27.8% (vs 28.1% in FY24), driven by volume growth, though partially offset by a slight shift in the product mix towards lower-margin offerings. Profit after tax (PAT) slightly increased 0.3% YoY to Rs. 814cr in Q4FY25, driven by operational efficiencies. Outlook Therefore, we maintain our BUY rating on the stock, based on 2x FY27E EV, with a revised target price of Rs. 2,048. For all recommendations report, click here SBI Life Insurance Company - 20052025 - geo"
25 Apr 2025,Buy SBI Life Insurance; target of Rs 2000: Motilal Oswal,https://www.moneycontrol.com/news/business/stocks/buy-sbi-life-insurance-target-of-rs-2000-motilal-oswal-13004199.html,"Motilal Oswal is bullish on SBI Life Insurance recommended buy rating on the stock with a target price of Rs 2000 in its research report dated April 24, 2025.",buy,"Motilal Oswal's research report on SBI Life Insurance SBI Life Insurance (SBILIFE) reported 2% YoY growth in new business APE to INR54.5b (in line). For FY25, it grew 8% YoY to INR214.2b. Absolute VNB grew 10% YoY to INR16.6b (14% beat). VNB margin for the quarter stood at 30.5% vs. our estimate of 27.4% (28.3% in 4QFY24). For FY25, VNB grew 7% YoY to INR59.5b, reflecting VNB margin of 27.8%. The strong growth in VNB was attributed to a significant shift in the product mix to non-ULIP products. Shareholder PAT remained flat YoY at INR8.1b (6% miss) in 4QFY25. For FY25, it grew 27% YoY to INR24b. Management expects 13-14% individual APE growth in FY26, which will be slightly above industry growth of 12% on the back of continued expansion and productivity improvement of agency channel (expecting 25% growth for FY26) and stable momentum in bancassurance channel (expecting 8-10% growth for FY26). VNB margin is expected to maintain the 27-28% range in FY26. Outlook We expect SBILIFE to clock a CAGR of 15%/17% in APE/VNB over FY25-27, while RoEV is likely to remain at ~19% over FY27. We have slightly cut our APE estimates considering company guidance and have increased our VNB margin estimates due to an expected shift toward traditional products and improvement in product-level margins. We reiterate our BUY rating on the stock with a TP of INR2,000 (premised on 2.0x FY27E EV). For all recommendations report, click here SBI Life Insurance - 25042025 - moti"
25 Apr 2025,Buy SBI Life; target of Rs 1950: Emkay Global Financial,https://www.moneycontrol.com/news/business/stocks/buy-sbi-life-target-of-rs-1950-emkay-global-financial-13004317.html,"Emkay Global Financial is bullish on SBI Life has recommended buy rating on the stock with a target price of Rs 1950 in its research report dated April 25, 2025.",Buy,"Emkay Global Financial's research report on SBI Life SBI Life reported an impressive performance for Q4FY25/FY25 with VNB margin at 30.5%/27.8%, respectively, clocking in 7.2% VNB growth for FY25. While APE remained largely in-line, the strong margin delivery for Q4FY25 was driven by 1) lower share of ULIPs, 2) increased share of Non-Par and Protection products (led by higher term and rider attachments), and 3) lower share of Group Savings business. Ahead, the management will continue to focus on the agency channel for distribution, and targets ~20-25% Retail APE growth; at the company level, Retail APE growth guidance is 13-14% for FY26. Lower contribution from ULIPs, offset by higher share of Par products, will keep margin stable at ~28%. To bake in the Q4 developments, we increase our APE and VNB margin which results in ~2% increase in FY26-27E VNB. Outlook We reiterate BUY and revise up our Mar-26E TP by 5.4% to Rs 1,950 (from Rs1,850 earlier), implying 2.0x FY27E P/EV. For all recommendations report, click here SBI Life - 25042025 - emkay"
25 Apr 2025,"SBI Life Insura Standalone March 2025 Net Sales at Rs 23,070.95 crore, down 36.37% Y-o-Y",https://www.moneycontrol.com/news/business/earnings/sbi-life-insura-standalone-march-2025-net-sales-at-rs-23-070-95-crore-down-36-37-y-o-y-13004082.html,,,"Reported Standalone quarterly numbers for SBI Life Insurance Company are: Net Sales at Rs 23,070.95 crore in March 2025 down 36.37% from Rs. 36,255.19 crore in March 2024. Quarterly Net Profit at Rs. 813.51 crore in March 2025 up 0.33% from Rs. 810.80 crore in March 2024. EBITDA stands at Rs. 516.19 crore in March 2025 up 27.83% from Rs. 403.80 crore in March 2024. SBI Life Insura EPS has increased to Rs. 8.12 in March 2025 from Rs. 8.10 in March 2024. SBI Life Insura shares closed at 1,608.20 on April 23, 2025 (NSE) and has given -1.66% returns over the last 6 months and 10.15% over the last 12 months. "
25 Apr 2025,"SBI Life shares top Nifty gainer, rise 7% on FY25 PBT growth and positive brokerage views",https://www.moneycontrol.com/news/business/stocks/sbi-life-shares-top-nifty-gainer-rise-7-on-fy25-pbt-growth-and-positive-brokerage-views-13003919.html,Both Nomura and Motilal have maintained a 'Buy' rating on the stocks upon SBI Life's mixed Q4FY25 performance.,SBI Life shares in focus as Q4 premium moderates; FY25 profit before tax rises 17%,"Shares of SBI Life Insurance were the top gainers on Nifty 50 index, rising by over 7 percent in trade on April 25 following the March quarter results and positive comments by key brokerages. Nomura has maintained its Buy rating with a target price of Rs 1,800, while Motilal Oswal also reiterated its Buy rating with a more optimistic target price of Rs 2,000. The performance also reflected strong growth in renewal and first-year premiums, though it was offset by a sharp decline in single premiums. For Q4FY25, total premium income fell 5.1 percent year-on-year to Rs 23,860 crore, primarily due to a steep drop in single premiums, which declined to Rs 4,462.55 crore from Rs 7,709.56 crore a year ago. However, the core business showed resilience — first-year premiums rose 7.3 percent to Rs 4,858.69 crore and renewal premiums grew 12.9 percent to Rs 14,680 crore. On a full-year basis, total premium income increased 4.3 percent to Rs 84,059.83 crore. This was supported by a 10.9 percent growth in renewal premiums to Rs 49,407.79 crore, even as single premiums dropped 22 percent year-on-year. SBI Life reported shareholders’ profit before tax of Rs 1,105.83 crore for FY25, up 17 percent from Rs 947.59 crore in the previous year. Persistency also improved, with 13-month persistency at 86.64 percent, compared to 85.76 percent in the same quarter last year — a sign of better customer retention. The solvency ratio stood at 1.96x as of March 31, 2025, comfortably above regulatory requirements. Meanwhile, the expense management ratio came in at 8.40 percent in Q4, reflecting the company’s ongoing investments in digital capabilities and expanding distribution reach. Despite some pressure from lower single premiums, the company’s improving persistency, rising core premium income, and steady solvency position may help anchor investor confidence going forward."
25 Apr 2025,"Stocks to Watch Today: Axis Bank, Tech Mahindra, L&T Tech, Macrotech Developers, Cyient, IEX, Container Corporation in focus on 25 April",https://www.moneycontrol.com/news/business/markets/stocks-to-watch-today-axis-bank-tech-mahindra-l-t-tech-macrotech-developers-cyient-iex-container-corporation-in-focus-on-25-april-13003719.html,"Stocks to Watch, 25 Apr: Stocks like SBI Cards and Payment Services, SBI Life Insurance Company, Aavas Financiers, Tanla Platforms, Nelco, RITES, Power Grid Corporation of India, Wipro, Bannari Amman Spinning Mills, Bharat Heavy Electricals, and Gujarat Industries Power Company will be in focus on April 25.",Stocks to Watch Today,"Let's catch up on the latest news from the stock market. From significant investments to major deals, quarterly earnings, order wins, and appointments, here’s a quick look at which stocks will be in focus in today's trade: Results Today Reliance Industries, Maruti Suzuki India, RBL Bank, Tata Technologies, L&T Finance, Cholamandalam Investment and Finance, DCB Bank, Force Motors, Hindustan Zinc, Chennai Petroleum Corporation, Dr Lal PathLabs, Lloyds Metals and Energy, Bank of Maharashtra, Mahindra Lifespace Developers, Motilal Oswal Financial Services, Oracle Financial Services Software, Poonawalla Fincorp, Rossari Biotech, Shriram Finance, Tejas Networks, VST Industries, Zenotech Laboratories, and Zensar Technologies will release their quarterly earnings on April 25. Results on April 26 IDFC First Bank, Bhansali Engineering, Indiabulls Enterprises, India Cements, Mangalore Refinery and Petrochemicals, SBFC Finance, Ugro Capital, and Vakrangee will announce their quarterly earnings on April 26. Quarterly Earnings Axis Bank Q4 (Standalone YoY) Profit declines 0.2% to Rs 7,117.5 crore Vs Rs 7,129.7 crore Net interest income rises 5.5% to Rs 13,810.5 crore Vs Rs 13,089 crore Provisions & Contingencies grow 14.7% to Rs 1,359.4 crore Vs Rs 1,185.3 crore Provisions & Contingencies fall 36.9% to Rs 1,359.4 crore Vs Rs 2,155.6 crore (QoQ) Gross NPA drops to 1.28% Vs 1.46% (QoQ) Net NPA falls to 0.33% Vs 0.35% (QoQ) Tech Mahindra Q4 (Consolidated QoQ) Profit jumps 18.7% to Rs 1,166.7 crore Vs Rs 983.2 crore Revenue rises 0.7% to Rs 13,384 crore Vs Rs 13,285.6 crore EBIT increases 4.1% to Rs 1,405.3 crore Vs Rs 1,350.2 crore EBIT margin expands to 10.5% Vs 10.2% L&T Technology Services Q4 (Consolidated QoQ) Profit falls 3.5% to Rs 311.1 crore Vs Rs 322.4 crore Revenue grows 12.4% to Rs 2,982.4 crore Vs Rs 2,653 crore EBIT declines 6.6% to Rs 3,939 crore Vs Rs 4,219 crore Margin drops to 13.2% Vs 15.9% Revenue in dollar terms increases 10.7% to $345.1 million Vs $311.9 million Board recommends final dividend of Rs 38 per share for FY25 Company expects FY26 to be a better year than FY25, with a double-digit revenue growth in constant currency Macrotech Developers Q4 (Consolidated YoY) Profit surges 38.4% to Rs 922.8 crore Vs Rs 667 crore Revenue rises 5.1% to Rs 4,224.3 crore Vs Rs 4,018.5 crore Board recommends final dividend of Rs 4.25 per share Cyient Q4 (Consolidated QoQ) Profit zooms 39.3% to Rs 170.4 crore Vs Rs 122.3 crore Revenue declines 0.9% to Rs 1,909.2 crore Vs Rs 1,926.4 crore Other income stands at Rs 41 crore Vs other income (loss) at Rs 16.6 crore Board recommends final dividend of Rs 14 per share SBI Cards and Payment Services Q4 (YoY) Profit drops 19.4% to Rs 534.2 crore Vs Rs 662.4 crore Revenue rises 7.5% to Rs 4,674 crore Vs Rs 4,347.7 crore Gross NPA ratio at 3.08% Net NPA ratio at 1.46% SBI Life Insurance Company Q4 (YoY) Profit increases 0.3% to Rs 813.5 crore Vs Rs 810.8 crore Net premium income falls 5% to Rs 23,860.7 crore Vs Rs 25,116.5 crore Net commission grows 17.2% to Rs 997.8 crore Vs Rs 851.4 crore Aavas Financiers Q4 (YoY) Profit grows 7.8% to Rs 153.7 crore Vs Rs 142.6 crore Net interest income jumps 14.5% to Rs 371.5 crore Vs Rs 324.5 crore Nelco Q4 (Consolidated YoY) Loss stands at Rs 4.08 crore Vs profit of Rs 6.12 crore Revenue sinks 17.3% to Rs 67.5 crore Vs Rs 81.6 crore Tanla Platforms Q4 (Consolidated YoY) Profit drops 9.9% to Rs 117.3 crore Vs Rs 130.2 crore Revenue grows 1.9% to Rs 1,024.4 crore Vs Rs 1,005.5 crore Board declares second interim dividend of Rs 6 per share for FY25 Indian Energy Exchange (IEX) Q4 (Consolidated YoY) Profit increases 21.1% to Rs 117.1 crore Vs Rs 96.7 crore Revenue rises 17.3% to Rs 142.2 crore Vs Rs 121.3 crore Stocks to Watch RITES The company has received a work order worth Rs 28 crore from Mahanadi Coalfields (MCL) for detailed engineering and project management consultancy services for the rail connectivity work related to the proposed Phase-II SILO at the Lakhanpur area of MCL. Power Grid Corporation The company’s subsidiary, POWERGRID Energy Services, has put an 85 MW solar PV power plant in Ujjain, Madhya Pradesh, into commercial operation effective April 24. Container Corporation of India Container Corporation of India has signed a Memorandum of Understanding (MoU) with GAIL (India) to develop LNG infrastructure at various CONCOR terminals across India, aimed at ensuring uninterrupted LNG fuel supply for CONCOR’s road transportation requirements. Wipro The technology services and consulting company has announced the launch of its GitHub Center of Excellence (CoE) in Bengaluru, aimed at accelerating AI innovation. Bannari Amman Spinning Mills The Board has approved a rights issue of 1.50 crore equity shares worth Rs 40.71 crore, with the issue price fixed at Rs 27 per share. The rights issue will open on May 13 and close on May 26. Bharat Heavy Electricals (BHEL) BHEL reported a minor fire incident on a garbage heap at its Bhopal unit. The situation was promptly attended to by the CISF fire team, with additional support from municipal fire tenders and the State Disaster Response Fund (SDRF) team. The fire was contained within the plantation area, and there was no damage to any machinery, plant, or property. No injuries or casualties occurred. Gujarat Industries Power Company The company has commissioned the first phase of a 25 MW group captive solar project out of a total planned 75 MW at Vastan. Stocks Trade Ex-Dividend Muthoot FinanceSanofi India Stock Trades Ex-Date for Split Ami Organics Stock Trades Ex-Date for Income Distribution (InvIT) Intelligent Supply Chain Infrastructure Trust"
09 Apr 2025,"Trade Spotlight: How should you trade Nestle India, Pidilite Industries, Indus Towers, CreditAccess Grameen, Uno Minda, and others on April 9?",https://www.moneycontrol.com/news/business/markets/trade-spotlight-how-should-you-trade-nestle-india-pidilite-industries-indus-towers-creditaccess-grameen-uno-minda-and-others-on-april-9-12989114.html,"Volatility is likely to remain high, and consolidation is expected to continue until the index closes the bearish gap of April 7. Below are some trading ideas for the near term.",Stocks To Buy For Short Term,"The benchmark indices rebounded after a day of steep correction and closed with 1.7 percent gains on April 9, following a bounce-back trade in global counterparts. The market breadth also turned positive, with about 2,201 shares advancing against 371 declining shares on the NSE. Volatility is likely to remain high, and consolidation is expected to continue until the index closes the bearish gap of April 7. Below are some trading ideas for the near term: Amol Athawale, VP-Technical Research at Kotak Securities SBI Life Insurance Company | CMP: Rs 1,488  After the sharp up moves, SBI Life Insurance witnessed profit booking at higher levels. Post the recent selloff in the counter, the downward momentum has stopped. On the daily charts, the counter has found support near its important retracement zone. The formation suggests a revival of the uptrend from the current levels in the coming horizon. Strategy: Buy Target: Rs 1,590 Stop-Loss: Rs 1,440 Nestle India | CMP: Rs 2,275.4  Nestle India is in the accumulation zone, where it is trading in a rangebound mode on the daily scale. However, recent bullish activity near the breakout zone of the range indicates good strength. The counter is expected to break out and witness a fresh uptrend from the current levels, offering a favourable risk-reward perspective. Strategy: Buy Target: Rs 2,440 Stop-Loss: Rs 2,200 Chambal Fertilisers and Chemicals | CMP: Rs 631.65  After the remarkable up move, Chambal Fertilisers is taking a breather in the last few sessions. The consolidation in the rangebound structure suggests a bullish continuation chart formation. Moreover, the stock comfortably closed above its short-term moving average. Therefore, the stock is likely to resume its uptrend from the current levels in the near term. Strategy: Buy Target: Rs 680 Stop-Loss: Rs 610 Ashish Kyal, CMT, Founder and CEO of Waves Strategy Advisors Pidilite Industries | CMP: Rs 2,930.95  On Monday's session, when all the global markets experienced a bloodbath due to negative global cues and fears over recession, Pidilite Industries did not fall as much in comparison to other stocks. In the previous session, prices surged by nearly 3%, which is a positive sign. Moreover, prices took support at the mid Bollinger bands and gained more than 5%, which is also a positive sign. The stock is moving within a downward sloping channel and is currently trading at the resistance of the channel. A breakout of it is needed for bullish momentum to continue. Also, prices have retraced exactly 38.2% of the fall that started in September 2024. For now, we expect prices to retrace up to 50% of the fall, which is also near its previous swing high of Rs 3,010 levels. In summary, the current trend for Pidilite Industries looks to be positive. A break above Rs 2,950 levels can lead to a trending move towards Rs 3,070, followed by Rs 3,185 levels. On the downside, Rs 2,830 levels is the nearest support to watch out for. Strategy: Buy Target: Rs 3,070, Rs 3,185 Stop-Loss: Rs 2,830 Indus Towers | CMP: Rs 370.65  In the previous session, Indus Towers managed to outshine its sector and surged by more than 4%, which is a bullish sign. Moreover, the stock has been consolidating within a broader range of Rs 312-390 levels. For now, a break above Rs 375 can result in a move towards the upper end of the range, which is at Rs 390 levels, followed by Rs 405. On the daily chart, prices recently found support at the baseline (red line) of the Ichimoku cloud indicator and reversed to the upside, which is a bullish sign. Also, the RSI is trading at 65, which gives prices the space to trend further. On the downside, Rs 355 is the nearest support. Strategy: Buy Target: Rs 390, Rs 405 Stop-Loss: Rs 355 Rainbow Children's Medicare | CMP: Rs 1,479.65  In the previous session, Rainbow Children's Medicare closed with a massive gain of 5.26% and also managed to close above the prior day's high. The stock has been witnessing a rounding bottom pattern since January 2025. Currently, prices are trading near its neckline at Rs 1,490 levels. A daily close above Rs 1,490 will confirm the breakout of the said pattern. If this happens, a fresh course of rise can be expected in this stock. On the daily chart, the ADX (Average Directional Index) is trading above 25 at 28, suggesting strong momentum to continue in the stock. In summary, the trend for Rainbow is bullish. A break above Rs 1,490 is a must for positive momentum to continue, with the target at Rs 1,610. On the downside, the nearest support is at Rs 1,420. Strategy: buy Target: Rs 1,610 Stop-Loss: Rs 1,420 Nagaraj Shetti, Senior Technical Research Analyst at HDFC Securities ICICI Prudential Life Insurance | CMP: Rs 557  The downward correction of the last couple of weeks seems to have completed in this insurance stock. ICICI Prudential Life Insurance has moved up after the formation of a slightly lower bottom on the daily chart. We observe a double-bottom type formation (not a classical one) on the daily/weekly chart. A positive divergence pattern has started to form in the stock price and in RSI as per the daily and weekly timeframe charts. Volume has started to expand during the upside breakout in the stock price, and the weekly 14-period RSI shows positive indications. Strategy: Buy Target: Rs 610 Stop-Loss: Rs 530 CreditAccess Grameen | CMP: Rs 996.55  The weekly timeframe chart of CreditAccess Grameen indicates a formation of a larger consolidation movement in the last few months. The stock price is now placed at the edge of breaking above the triangle-type formation around Rs 1,020 levels. The overall weekly chart pattern indicates the formation of a crucial bottom reversal pattern. Weekly momentum oscillators signal a positive bias. The overall chart pattern of CreditAccess Grameen indicates a long trading opportunity. One may look to create a positional buy as per the levels mentioned. Strategy: Buy Target: Rs 1,105 Stop-Loss: Rs 945 UNO Minda | CMP: Rs 837.3  The sharp downtrend of the last two weeks seems to be over. UNO Minda has bounced back from the lows of Rs 767 levels recently. The current chart pattern indicates the formation of a lower-bottom reversal pattern. As per the larger degree lower tops and bottoms, the stock price is expected to move up towards the lower top of the pattern in the near term. Volume pattern and RSI show positive indications. Strategy: Buy Target: Rs 920 Stop-Loss: Rs 790"
28 Mar 2025,"Stocks to Watch Today: Infosys, Zaggle Prepaid, Bharat Electronics, Force Motors, Jindal Steel, Zensar Tech, Active Infrastructures, HCLTech in focus on 28 March",https://www.moneycontrol.com/news/business/markets/stocks-to-watch-today-infosys-zaggle-prepaid-bharat-electronics-force-motors-jindal-steel-zensar-tech-active-infrastructures-hcltech-in-focus-on-28-march-12978180.html,"Stocks to Watch, Mar 28: Stocks like Punjab & Sind Bank, UCO Bank, Adani Green Energy, Piramal Enterprises, Raymond, SBI Life Insurance Company, Jio Financial Services, CESC, DCM Shriram, Aditya Birla Fashion and Retail, Power Finance Corporation, Hilton Metal Forging, Khaitan Chemicals, Uflex, and BEML will be in focus on March 28.",Stocks to Watch Today,"Let's catch up on the latest news from the stock market. From significant investments to major deals, order wins and acquisitions, here’s a quick look at which stocks will be in focus in today's trade: Stocks to Watch Punjab & Sind Bank The bank closed its Qualified Institutions Placement on March 27 and raised Rs 1,219.39 crore by allotting 31.77 crore equity shares to eligible qualified institutional buyers at a price of Rs 38.37 per share. UCO Bank The bank closed its Qualified Institutions Placement on March 27 and raised Rs 2,000 crore by allotting 58.36 crore equity shares to eligible qualified institutional buyers at the issue price of Rs 34.27 per share. Zaggle Prepaid Ocean Services The Board has approved the acquisition of a 45.33% stake in Effiasoft from existing shareholders Koushik Shee and Akula Krishna Rao for Rs 36.72 crore. The Board also considered the proposal for the acquisition of an additional 5.67% stake in Effiasoft from Koushik Shee and Akula Krishna Rao for Rs 4.59 crore. Sandhar Technologies The company has executed a Share Purchase Agreement with South Korea-based Jinyoung Electro-Mechanics Co. for the sale of its entire stake in the joint venture, Jinyoung Sandhar Mechatronics (JSM). The decision to exit the joint venture aligns with the company’s strategic objective of streamlining its business operations and concentrating on its core competencies. Adani Green Energy The company, through its various wholly owned stepdown subsidiaries, has operationalized 396.7 MW power projects at Khavda, Gujarat. With the commissioning of this plant, its total operational renewable generation capacity has increased to 13,487.8 MW. Piramal Enterprises The Board approved the issuance of non-convertible debentures up to Rs 100 crore (base issue size), along with a green shoe option to retain oversubscription of up to Rs 200 crore, aggregating the total issue size to Rs 300 crore, on a private placement basis. Bharat Electronics The company has secured additional orders worth Rs 1,385 crore since March 12. With these, it has now accumulated orders totaling Rs 18,415 crore in the current financial year. UltraTech Cement The cement major has commissioned a brownfield clinker capacity of 3.35 mtpa at its unit in Maihar, Madhya Pradesh. The second grinding mill is expected to be commissioned in Q1FY26. Further, it commissioned a brownfield expansion of the grinding unit at Dhule, Maharashtra, with a capacity of 1.2 mtpa, and a grinding unit of 0.60 mtpa at Durgapur, West Bengal. The company has set up a new bulk terminal in Lucknow with a capacity of handling 1.8 mtpa of cement. With this, the company’s total domestic grey cement manufacturing capacity stands at 183.36 mtpa. Along with its overseas capacity of 5.4 mtpa, the company’s global capacity stands at 188.76 mtpa. Raymond The National Company Law Tribunal, Mumbai (NCLT), has approved the Scheme of Arrangement between Raymond and Raymond Realty and their respective shareholders. SBI Life Insurance Company The company has received an order from the Income Tax Department demanding a tax penalty of Rs 59.31 crore for the Assessment Year 2019-20. Jio Financial Services The company has subscribed to 8.5 crore equity shares of Jio Payments Bank for Rs 85 crore. This investment is made to fund the business operations of Jio Payments Bank. Post this investment, the company’s holding in Jio Payments Bank will increase from 82.17% to 85.04%. Additionally, the company has acquired 1.73 crore equity shares of its subsidiary Jio Finance for Rs 1,000.24 crore. Jio Finance will utilize the proceeds to fund its business operations. CESC The Uttar Pradesh Electricity Regulatory Commission has approved the Power Purchase Agreement between Dhariwal Infrastructure and Noida Power Company, subsidiaries of CESC, for the supply of power with a contracted capacity of 25 Megawatt for three years, effective April 1. DCM Shriram The company has commissioned a 12 TDP integrated compressed biogas plant at its Ajbapur unit, with an investment of Rs 131.30 crore. Aditya Birla Fashion and Retail The National Company Law Tribunal (NCLT) has approved the Scheme of Arrangement among Aditya Birla Fashion and Retail, Aditya Birla Lifestyle Brands, and their respective shareholders and creditors. Power Finance Corporation Kumool III PS RE Transmission, a wholly owned subsidiary of PFC Consulting, has been transferred to Power Grid Corporation of India, the successful bidder. Kurnool III PS RE Transmission, established for the development of a transmission system strengthening at Kumool-III PS for the integration of additional renewable energy generation projects, will now be managed by Power Grid Corporation of India. PFC Consulting is a subsidiary of Power Finance Corporation. Force Motors The company has signed a contract for an order of 2,978 vehicles from the Indian Defence Forces. Hindustan Aeronautics The company has signed an amendment to the LCA Mk1 FOC contract dated December 23, 2010. The value of the contract has been revised upward from Rs 5,989.39 crore to Rs 6,542.20 crore due to a revision in the delivery schedule. Jindal Steel & Power The steel company has been declared the successful bidder for the Saradhapur Jalatap East coal block. It has signed the agreement for the Saradhapur Jalatap East coal block. This is a partially explored block with estimated geological resources of 3,257 million tonnes. Hilton Metal Forging The Board has approved the issuance of up to 90 lakh equity shares via Qualified Institutional Placement (QIP) in one or more tranches on a private placement basis. Servotech Renewable Power System The company has been granted a patent by the Indian Patent Office for its proprietary innovation - System and Method for Peak Shaving. The patent is effective for a period of 20 years from its original filing date. Khaitan Chemicals and Fertilizers The Board has approved the re-appointment of Shailesh Khaitan as Chairman & Managing Director of the company for three years, effective April 1. The Board also approved the appointment of Praveen Uniyal as a Whole Time Director of the company for three years, effective January 16, 2025. Uflex The company's step-down subsidiary, Flex America, S.A. de C.V., Mexico, has commenced the commercial operation of its new cast polypropylene (CPP) films production line in Mexico, with an installed capacity of 18,000 MTPA. HCL Technologies The global technology company has been selected as a Design Solution Partner (DSP) under the Samsung Advanced Foundry Ecosystem (SAFE) program. This strategic partnership between HCLTech and Samsung is set to accelerate semiconductor innovation and development. Zensar Technologies Zensar has been selected by Tesco Insurance and Money Services (Tesco IMS), a leading UK insurance company, to drive a comprehensive modernization and digital transformation agenda. This collaboration will enable Tesco IMS to establish a robust cloud-first ecosystem, scalable operations, and create better value and experiences for its customers. Infosys The digital services and consulting company announced its collaboration with LKQ Europe, the distributor of automotive aftermarket parts in the region. The company has helped LKQ Europe adopt a unified, cloud-based digital platform to streamline its HR processes across 18 countries. Asian Paints Asian Paints, a wholly owned subsidiary of the company, will set up a manufacturing facility for Vinyl Acetate Ethylene Emulsion (VAE) & Vinyl Acetate Monomer (VAM), along with an Ethylene storage and handling facility in Dahej, Gujarat. The total cost of setting up these facilities is expected to be Rs 2,560 crore. Additionally, the Board approved an additional capex cost of Rs 690 crore due to pre-operative expenses and certain escalations in project costs. Bulk Deals BEML Motilal Oswal Mutual Fund has bought 2.67 lakh shares in BEML at an average price of Rs 3,048.3 per share. Cyient DLM Motilal Oswal Mutual Fund has acquired 5.3 lakh shares in Cyient DLM at an average price of Rs 436.09 per share. Ideaforge Technology Motilal Oswal Mutual Fund sold 3.1 lakh shares in Ideaforge Technology at an average price of Rs 344.39 per share. Fonebox Retail Accor Opportunities Growth Family Private Trust sold 69,000 shares in Fonebox Retail at an average price of Rs 90.4 per share. JB Chemicals & Pharmaceuticals Promoter entity Tau Investment Holdings Pte sold a 5.77% stake in JB Chemicals for Rs 1,459.8 crore. However, Kotak Mahindra Mutual Fund acquired a 0.79% stake in JB Chemicals at an average price of Rs 1,625 per share. Kabra Extrus Technik GP Emerging Markets Strategies LP and University of Notre Dame Du Lac sold 4.53 lakh shares in the company at an average price of Rs 291.6 per share. Block Deals Max Financial Services Promoter Max Ventures Investment Holdings sold a 1.59% stake in Max Financial at an average price of Rs 1,112 per share to Kotak Mahindra Life Insurance Company, Oxbow Master Fund, Morgan Stanley Asia Singapore Pte, ICICI Prudential Mutual Fund, Copthall Mauritius Investment, Societe Generale, DSP Mutual Fund, and Citigroup Global Markets Singapore Pte. United Breweries Integrated Core Strategies Asia Pte bought 1.41 lakh shares in UBL at an average price of Rs 1,931.15 per share from Copthall Mauritius Investment. UNO Minda Integrated Core Strategies Asia Pte acquired 2.45 lakh shares in UNO Minda at an average price of Rs 934.45 per share from Copthall Mauritius Investment. SME Listing on March 28 Active InfrastructuresRapid Fleet Management Services Stocks Trade Ex-Dividend Samvardhana Motherson InternationalMotherson Sumi Wiring IndiaTVS HoldingsKama HoldingsMatrimony.com Stocks Trade Ex-Date for Rights Eureka IndustriesSonalis Consumer Products Disclosure: Moneycontrol is a part of the Network18 group. Network18 is controlled by Independent Media Trust, of which Reliance Industries is the sole beneficiary."
25 Mar 2025,"Stocks to Watch Today: HCL Tech, EaseMyTrip, SG Finserve, GNFC, SEAMEC, Garden Reach Shipbuilders, RVNL, Restaurant Brands Asia in focus on 25 March",https://www.moneycontrol.com/news/business/markets/stocks-to-watch-today-hcl-tech-easemytrip-sg-finserve-gnfc-seamec-garden-reach-shipbuilders-rvnl-restaurant-brands-asia-in-focus-on-25-march-12974377.html,"Stocks to Watch, Mar 25: Stocks like HCL Technologies, Central Bank of India, Punjab & Sind Bank, UCO Bank, Gujarat Narmada Valley Fertilizers & Chemicals, Brigade Enterprises, Wipro, TTK Prestige, Sterling and Wilson Renewable Energy, Hyundai Motor India, Cholamandalam Investment and Finance Company, and Britannia Industries will be in focus on March 25.",Stocks to Watch Today,"Let's catch up on the latest news from the stock market. From significant investments to major deals, appointments, order wins and acquisitions, here’s a quick look at which stocks will be in focus in today's trade: Stocks to Watch HCL Technologies The technology company has announced a strategic partnership with Western Union to drive innovation and transformation in the financial services industry. Both companies will establish an advanced technology center in Hyderabad, India, which will further enhance Western Union's global technology capabilities and create new opportunities for innovation and talent development. Central Bank of India The public sector lender has opened its Qualified Institutions Placement (QIP) on March 24. The Board has approved a floor price of Rs 42.62 per share. Punjab & Sind Bank The bank has launched its QIP on March 24. The Board has approved a floor price of Rs 40.38 per share. UCO Bank The PSU bank has opened its QIP issue on March 24, with a floor price of Rs 36.07 per share. Rail Vikas Nigam The company has emerged as the lowest bidder for a Central Railway project worth Rs 115.79 crore. The project involves OHE modification work for the upgradation of the existing 1x25 KV electric traction system to 2x25 KV at the feeding system in the Itarsi-Amla section in the Nagpur division of Central Railway to meet the 3000 MT loading target. Restaurant Brands Asia The company has opened its QIP issue on March 24, with a floor price of Rs 62.32 per share. According to CNBC-TV18, quoting sources, the base issue size is Rs 400 crore, which may increase up to Rs 500 crore. Garden Reach Shipbuilders and Engineers (GRSE) The company has signed a contract with Carsten Rehder Schiffsmakler and Reederei GmbH & Co. KG, Germany, for the construction and delivery of the 7th and 8th multi-purpose vessels (MPV) of 7,500 DWT in Hamburg, Germany. This contract aligns with the ‘Option Agreement’ signed between both parties for the procurement of four additional MPVs from GRSE. The shipyard will build a total of eight vessels (08) at an order value of 108 MUSD. SEAMEC Larsen and Toubro has awarded a Letter of Award to the consortium of SEAMEC and Posh India Offshore for subsea installation works for the DUDP & PRPVIII (including MUT scope) projects of ONGC. The work will be completed by May 2026. Gujarat Narmada Valley Fertilizers & Chemicals (GNFC) The company entered into an agreement with thyssenkrupp Udhe India (TKUIPL) for the supply of a Weak Nitric Acid-III plant on an LEPC basis. TKUIPL has a tie-up with its parent company thyssenkrupp Uhde for the supply of Process knowhow and License for the Weak Nitric Acid-III plant. Brigade Enterprises The real estate company has acquired a 4.4-acre land parcel in East Bengaluru for the development of a residential project with a total development potential of 0.6 million square feet and a gross development value of approximately Rs 950 crore. Wipro The technology services and consulting company announced AI-driven autonomous agents for Agentforce to revolutionize experiences for patients, providers, payers, and healthcare companies while easing the heavy administrative burden across the healthcare industry. TTK Prestige T T Jagannathan has decided to step down as Non-Executive Chairman and Director of the company, effective March 24. T T Raghunathan will succeed T T Jagannathan as Non-Executive Chairman of the company, effective March 25. Currently, T T Raghunathan is the Vice-Chairman and Non-Executive Director of the company. Sterling and Wilson Renewable Energy Ajit Pratap Singh has joined the company as the Chief Financial Officer, effective March 24. Further, Sandeep Mathew has ceased to be the interim CFO of the company and will continue with his role as Head of Investor Relations. Easy Trip Planners The company has received in-principle Board approval to acquire a 49% stake in Big Charter, a prominent player in India’s charter aviation sector. Further, the Board approved the infusion of 1,000 Brazilian Real in the company’s subsidiary Easy Trip Planners Do Brasil Ltda and 50,000 Riyals in the company’s Easy Trip Planners, Saudi Arabia. Hyundai Motor India The Board has approved an investment of up to Rs 694 crore for establishing and operating a Tooling Centre in India. Cholamandalam Investment and Finance Company The Board has approved the appointment of Vellayan Subbiah as a Whole-time Director, designated as the Executive Chairman of the company for 5 years, effective April 1. Britannia Industries The company's operations at its plant in Jhagadia, Gujarat have been partially affected due to a strike that commenced on March 24. The company is in continuous discussion with workers to resolve the situation amicably. At present, the impact of this event is being assessed, and the company is managing demand through available resources. Bank of India The bank has decided to exercise the green shoe option of $100 million ($50 million for 3 years and $50 million for 5 years) and executed the syndication agreement. Funds are expected to be received by March 27. These funds are being used for general corporate purposes, including on-lending at overseas branches. Tata Consumer Products Shareholders have approved the reappointment of Sunil D’Souza as the Managing Director and Chief Executive Officer of the company for 5 years, effective April 4. Canara Bank The Central Government has appointed S. K. Majumdar as Executive Director of the bank for three years. Currently, S. K. Majumdar is the Chief General Manager and GCFO of the bank. NHPC The company has completed the trial run of Unit-2 (200 MW) of the Parbati-II HE project (4x200 MW) in Himachal Pradesh. The trial run of the remaining 3 units of the Parbati-II HE project is expected to be completed by March 31, 2025. Mahindra & Mahindra Financial Services The Board has approved the appointment of Ramganesh Iyer as Chief Operating Officer of the company, effective April 10. ICICI Bank Effective March 24, ICICI Securities has become a wholly owned subsidiary of the bank and is deemed to have been delisted from the stock exchanges. United Spirits The Board will meet on March 27 to consider the declaration of an interim dividend, if any. Matrimony.com The Board has declared a special interim dividend of Rs 5 per share to commemorate the company's Silver Jubilee year. The company has fixed March 28 as the record date for determining the eligible shareholders for the payment of dividends. Aditya Birla Capital The National Company Law Tribunal, Ahmedabad, has sanctioned the scheme of amalgamation of Aditya Birla Finance with the parent company. SBI Life Insurance Company The company has received an Income Tax Order from the Income Tax Department, demanding tax and interest of Rs 431 crore. IndusInd Bank The CGST and Central Excise, Thane, has imposed a penalty of Rs 30.15 crore on the bank for various GST issues. The bank will explore filing an appeal against the order. Bulk Deals SG Finserve Ace investor Madhusudan Murlidhar Kela bought a 1.7% stake in the company at an average price of Rs 350.01 per share, valued at Rs 33.31 crore. However, Dinesh Pareekh sold 3 lakh shares at an average price of Rs 350 per share. Stock Trade Ex-Dividend Mishra Dhatu NigamKsolves India Stocks F&O ban IndusInd Bank Stocks removed from F&O ban Hindustan CopperPolycab India"
24 Mar 2025,"Sensex soars 1,000 pts, Nifty erases all losses for 2025; surging bank shares, other key factors behind market rally",https://www.moneycontrol.com/news/business/markets/markets-rise-for-6th-day-sensex-up-650-pts-nifty-above-23-550-surging-bank-shares-other-key-factors-behind-rally-12973089.html,"The investors became richer by nearly Rs 4 lakh crore on Monday after the benchmark indices Sensex, Nifty surged for the sixth straight day.",,"Equity benchmark indices Sensex and Nifty surged for the sixth straight session on Monday, rising over 1 percent on improved foreign fund inflows and heavy buying in banking stocks. At 12.30 pm, the Sensex was up 1,011.29 points or 1.31 percent at 77,916.80, and the Nifty was up 297.45 points or 1.27 percent at 23,647.85. The market breadth was positive as 2,579 shares advanced, 904 shares declined, and 147 shares unchanged. Kotak Mahindra Bank, Power Grid, Larsen & Toubro, Axis Bank and SBI Life Insurance were among the major gainers, rising up to 3 percent during intraday trade. Market sentiment has been buoyant, supported by improved investor confidence, easing foreign capital outflows, and favourable global developments. Here are the key factors driving the rally: 1) Easing Foreign Selling: Foreign portfolio investors (FPIs) pumped in Rs 7,470.36 crore on Friday, largely due to the FTSE March review. The FII reversal helped lift investor sentiment that had been dented by sustained foreign fund selling since October last year. V K Vijayakumar, Chief Investment Strategist at Geojit Financial Services, noted that a reversal in FPI selling has strengthened market confidence. He attributed this shift to robust domestic growth, easing inflation and a weaker dollar. 2) Rupee Strengthens Against Dollar: The Indian rupee appreciated 12 paise to 85.86 against the US dollar on Monday, aided by strong domestic inflows. Despite global uncertainties, the weakening dollar provided additional support. Stock Market LIVE Updates 3) Positive Global Cues: Wall Street’s performance also lifted domestic sentiment. U.S. stock futures rose as investors assessed potential tariff measures by President Donald Trump. At around 10 AM, the Dow Futures were trading 0.47 percent higher. Trump is expected to take a selective approach, focusing on countries with significant trade surpluses with the US. On Friday, the S&P 500 gained 0.1 percent to close at 5,667.56, while the Dow Jones Industrial Average edged up 0.1 percent to 41,985.35. The Nasdaq Composite rose 0.5 percent to 17,784.05. Investors remain watchful of the April 2 deadline for potential tariff actions. 4) Banking Stocks Lead Gains: Banking shares were the highlight of the session, with the Nifty Bank index surging a whopping 1,000 points to touch an intraday high of 51,635. Kotak Mahindra Bank, Canara Bank, and Punjab National Bank were among the top gainers, rising over 3 percent. Kotak Mahindra Bank emerged as the top performer in the Nifty Bank index. Nifty Bank has rebounded sharply and is now just 5-6 percent away from its all-time high of 54,500. Hardik Matalia, Derivative Analyst at Choice Broking, said, ""The index sustained above 50,500 and closed at 50,593.55, holding above key moving averages (20, 50, and 200-day EMAs). As long as it stays above these levels, sentiment remains bullish. Resistance is seen at 51,000 and 51,750, while support lies at 50,000 and 49,700, with 49,000 acting as a crucial breakdown level."" 5) Improving Investor Sentiments: According to Bloomberg, Trump officials have acknowledged the list of target countries may not be universal, and that other existing tariffs, like on steel, may not necessarily be cumulative, which would substantially lower the tariff hit to those sectors.Last week, the BSE benchmark gauge surged 3,076.6 points or 4.16 percent, and the Nifty jumped 953.2 points or 4.25 percent. ""We expect this upward momentum to continue, on the back of foreign institutional investors' return to the Indian market amid attractive valuations and signs of economic recovery,"" Siddhartha Khemka, Head - Research, Wealth Management, Motilal Oswal Financial Services Ltd, said. Technical Outlook: Anand James, Chief Market Strategist at Geojit Financial Services, said, “Nifty has nearly completed the first leg of the 23,450-23,807 move set last week. The index is now trading above the upper Bollinger Band for the third consecutive session. However, 60 per cent of Nifty 50 stocks are yet to trade above their upper bands, indicating scope for new leadership to emerge in the rally.” He added that failure to push beyond the 23,450-23,500 zone or a close below 23,300 could trigger a downside move towards 23,160."
